model,test,training,diff
Support_Vector,88.31168831168831,82.32758620689656,5.984102104791759
C50,87.01298701298701,100,-12.987012987012989
Random_Forest,87.01298701298701,100,-12.987012987012989
Neural_Net,85.71428571428571,85.34482758620689,0.3694581280788185
Support_Vector_No,85.71428571428571,81.89655172413794,3.8177339901477723
Gradient_Boost,83.11688311688312,88.79310344827587,-5.676220331392756
Decision_Tree,81.81818181818183,86.20689655172413,-4.388714733542301
